scheme_name,fund_house,risk_grade,sharpe_ratio
ICICI Pru Liquid Fund - Regular - Growth,ICICI Prudential MF,Low,7.68
Kotak Liquid Fund - Regular - Growth,Kotak Mahindra MF,Low,6.18
ABSL Liquid Fund - Regular - Growth,Aditya Birla Sun Life MF,Low,5.14
HDFC Top 100 Fund - Regular Plan - Growth,HDFC Mutual Fund,Moderate,1.06
Mirae Asset Large Cap Fund - Regular - Growth,Mirae Asset MF,Moderate,1.06
ICICI Pru Bluechip Fund - Direct - Growth,ICICI Prudential MF,Moderate,1.03
Kotak Emerging Equity Fund - Regular - Growth,Kotak Mahindra MF,High,0.96
ICICI Pru Midcap Fund - Regular - Growth,ICICI Prudential MF,High,0.95
DSP Midcap Fund - Regular - Growth,DSP Mutual Fund,High,0.9
